,day,total_bill_mean
0,Thur,17.682741935483868
1,Fri,17.15157894736842
2,Sat,20.44137931034483
3,Sun,21.41
